group_id,block,block_position,condition,position,role,actual_input,actual_output,ttft,latency_seconds,decode_duration_seconds,decode_tps,response_id,prompt_sha256,output_sha256,sequence_sha256,pid_storage_read_bytes,pid_storage_read_bytes_unknown_reason,pid_logical_rchar_bytes,pid_logical_rchar_bytes_unknown_reason
b01-p01-as,1,1,AS,0,conditioning,1024,256,12.472645142115653,49.80220781103708,37.329562668921426,6.831047078199478,chatcmpl-auto-0,a72fade2611451e1f33ca088f0554474ec9d9032efccf04cc5581a2c25be2d98,cfeb8ed6c17d58f471e072e7b14b589eed3889ca4100f6bbed2324677898441a,1bee348f657c8eeda62d8d498ebd6907b453e43e024e82e8df9fbf8d725ccf09,67463057408,,56015336288,
b01-p01-as,1,1,AS,1,probe,1024,256,10.619451716076583,45.42953240708448,34.8100806910079,7.325464202841429,chatcmpl-auto-1,a72fade2611451e1f33ca088f0554474ec9d9032efccf04cc5581a2c25be2d98,cfeb8ed6c17d58f471e072e7b14b589eed3889ca4100f6bbed2324677898441a,1bee348f657c8eeda62d8d498ebd6907b453e43e024e82e8df9fbf8d725ccf09,53431164928,,50247913424,
b01-p01-as,1,1,AS,2,probe,1024,256,9.4736694090534,43.89530462305993,34.42163521400653,7.4081314967929766,chatcmpl-auto-2,a72fade2611451e1f33ca088f0554474ec9d9032efccf04cc5581a2c25be2d98,cfeb8ed6c17d58f471e072e7b14b589eed3889ca4100f6bbed2324677898441a,1bee348f657c8eeda62d8d498ebd6907b453e43e024e82e8df9fbf8d725ccf09,47105388544,,49838719472,
b01-p01-as,1,1,AS,3,probe,1024,256,9.021431141067296,43.30513198510744,34.28370084404014,7.4379367956808276,chatcmpl-auto-3,a72fade2611451e1f33ca088f0554474ec9d9032efccf04cc5581a2c25be2d98,cfeb8ed6c17d58f471e072e7b14b589eed3889ca4100f6bbed2324677898441a,1bee348f657c8eeda62d8d498ebd6907b453e43e024e82e8df9fbf8d725ccf09,44596248576,,49777893344,
b01-p02-cs,1,2,CS,0,conditioning,1024,256,11.89920334587805,48.98999405000359,37.09079070412554,6.875021943698732,chatcmpl-auto-0,a72fade2611451e1f33ca088f0554474ec9d9032efccf04cc5581a2c25be2d98,cfeb8ed6c17d58f471e072e7b14b589eed3889ca4100f6bbed2324677898441a,038070dc8e78c235bdea685096685f096fe9f6641eb7f22eee3c5a06695c63bd,67445510144,,55960039808,
b01-p02-cs,1,2,CS,1,probe,1024,256,9.992980676935986,45.177135698031634,35.18415502109565,7.247580618238738,chatcmpl-auto-1,a72fade2611451e1f33ca088f0554474ec9d9032efccf04cc5581a2c25be2d98,cfeb8ed6c17d58f471e072e7b14b589eed3889ca4100f6bbed2324677898441a,038070dc8e78c235bdea685096685f096fe9f6641eb7f22eee3c5a06695c63bd,53463773184,,50234089304,
b01-p02-cs,1,2,CS,2,probe,1024,256,9.141164481872693,43.301626172848046,34.16046169097535,7.464770303949578,chatcmpl-auto-2,a72fade2611451e1f33ca088f0554474ec9d9032efccf04cc5581a2c25be2d98,cfeb8ed6c17d58f471e072e7b14b589eed3889ca4100f6bbed2324677898441a,038070dc8e78c235bdea685096685f096fe9f6641eb7f22eee3c5a06695c63bd,46922436608,,49852543592,
b01-p02-cs,1,2,CS,3,probe,1024,256,8.582268055994064,42.95430952194147,34.372041465947405,7.418820329674921,chatcmpl-auto-3,a72fade2611451e1f33ca088f0554474ec9d9032efccf04cc5581a2c25be2d98,cfeb8ed6c17d58f471e072e7b14b589eed3889ca4100f6bbed2324677898441a,038070dc8e78c235bdea685096685f096fe9f6641eb7f22eee3c5a06695c63bd,44851761152,,49822130528,
b01-p03-cl,1,3,CL,0,conditioning,8193,256,26.668828858993948,63.19574274797924,36.52691388898529,6.98115369874966,chatcmpl-auto-0,6d08325114592a0353670e4117beb8eb8541a89d240c2b335776658c98abc2c1,788d9d1151a654ab54de9b77e086cc316b343b466d2738beb86d2620cc67a9f4,e9cf2792a9eb3dacf8ebaa6eb4de378e8f0d2b9226fa547579166a97a19b9dee,94236323840,,120076308368,
b01-p03-cl,1,3,CL,1,probe,1024,256,10.503907626960427,47.0595908658579,36.55568323889747,6.975659525593669,chatcmpl-auto-1,a72fade2611451e1f33ca088f0554474ec9d9032efccf04cc5581a2c25be2d98,cfeb8ed6c17d58f471e072e7b14b589eed3889ca4100f6bbed2324677898441a,e9cf2792a9eb3dacf8ebaa6eb4de378e8f0d2b9226fa547579166a97a19b9dee,58209927168,,52985089184,
b01-p03-cl,1,3,CL,2,probe,1024,256,8.709231853950769,43.40042351395823,34.69119166000746,7.350569057965452,chatcmpl-auto-2,a72fade2611451e1f33ca088f0554474ec9d9032efccf04cc5581a2c25be2d98,cfeb8ed6c17d58f471e072e7b14b589eed3889ca4100f6bbed2324677898441a,e9cf2792a9eb3dacf8ebaa6eb4de378e8f0d2b9226fa547579166a97a19b9dee,45813551104,,50059905392,
b01-p03-cl,1,3,CL,3,probe,1024,256,9.75851240591146,45.11564567987807,35.35713327396661,7.21212316689023,chatcmpl-auto-3,a72fade2611451e1f33ca088f0554474ec9d9032efccf04cc5581a2c25be2d98,cfeb8ed6c17d58f471e072e7b14b589eed3889ca4100f6bbed2324677898441a,e9cf2792a9eb3dacf8ebaa6eb4de378e8f0d2b9226fa547579166a97a19b9dee,51298455552,,49844249120,
b01-p04-al,1,4,AL,0,conditioning,8193,256,37.35812418512069,74.39300380996428,37.0348796248436,6.885401075502399,chatcmpl-auto-0,6d08325114592a0353670e4117beb8eb8541a89d240c2b335776658c98abc2c1,788d9d1151a654ab54de9b77e086cc316b343b466d2738beb86d2620cc67a9f4,288bf51fc597223d578b46593d28cf649489f4703ced9f7ecb950527f7bc53af,99146506240,,214577992688,
b01-p04-al,1,4,AL,1,probe,1024,256,10.50780815910548,46.90350326499902,36.39569510589354,7.006323117557603,chatcmpl-auto-1,a72fade2611451e1f33ca088f0554474ec9d9032efccf04cc5581a2c25be2d98,cfeb8ed6c17d58f471e072e7b14b589eed3889ca4100f6bbed2324677898441a,288bf51fc597223d578b46593d28cf649489f4703ced9f7ecb950527f7bc53af,57819435008,,53438520320,
b01-p04-al,1,4,AL,2,probe,1024,256,8.744036125019193,43.63905192818493,34.895015803165734,7.307633887842114,chatcmpl-auto-2,a72fade2611451e1f33ca088f0554474ec9d9032efccf04cc5581a2c25be2d98,cfeb8ed6c17d58f471e072e7b14b589eed3889ca4100f6bbed2324677898441a,288bf51fc597223d578b46593d28cf649489f4703ced9f7ecb950527f7bc53af,46295855104,,50032257152,
b01-p04-al,1,4,AL,3,probe,1024,256,9.75622900086455,44.74275368289091,34.98652468202636,7.288520432296646,chatcmpl-auto-3,a72fade2611451e1f33ca088f0554474ec9d9032efccf04cc5581a2c25be2d98,cfeb8ed6c17d58f471e072e7b14b589eed3889ca4100f6bbed2324677898441a,288bf51fc597223d578b46593d28cf649489f4703ced9f7ecb950527f7bc53af,51042848768,,49841484296,
b02-p01-cs,2,1,CS,0,conditioning,1024,256,11.780947752064094,48.79256414109841,37.011616389034316,6.889728817019475,chatcmpl-auto-0,a72fade2611451e1f33ca088f0554474ec9d9032efccf04cc5581a2c25be2d98,cfeb8ed6c17d58f471e072e7b14b589eed3889ca4100f6bbed2324677898441a,134d9824eaba0b19d41d47162322f686b31ea166450b2601a530fa748644599c,67434991616,,55965569456,
b02-p01-cs,2,1,CS,1,probe,1024,256,9.979404740966856,44.85412716679275,34.874722425825894,7.311886153140075,chatcmpl-auto-1,a72fade2611451e1f33ca088f0554474ec9d9032efccf04cc5581a2c25be2d98,cfeb8ed6c17d58f471e072e7b14b589eed3889ca4100f6bbed2324677898441a,134d9824eaba0b19d41d47162322f686b31ea166450b2601a530fa748644599c,53417168896,,50236854128,
b02-p01-cs,2,1,CS,2,probe,1024,256,9.04376727505587,43.839592282893136,34.795825007837266,7.328465410507292,chatcmpl-auto-2,a72fade2611451e1f33ca088f0554474ec9d9032efccf04cc5581a2c25be2d98,cfeb8ed6c17d58f471e072e7b14b589eed3889ca4100f6bbed2324677898441a,134d9824eaba0b19d41d47162322f686b31ea166450b2601a530fa748644599c,48203857920,,49888486304,
b02-p01-cs,2,1,CS,3,probe,1024,256,8.48662732494995,42.2640261889901,33.77739886404015,7.549426793531939,chatcmpl-auto-3,a72fade2611451e1f33ca088f0554474ec9d9032efccf04cc5581a2c25be2d98,cfeb8ed6c17d58f471e072e7b14b589eed3889ca4100f6bbed2324677898441a,134d9824eaba0b19d41d47162322f686b31ea166450b2601a530fa748644599c,43434352640,,49764069224,
b02-p02-al,2,2,AL,0,conditioning,8193,256,37.36830310290679,74.10945035889745,36.741147255990654,6.940447401473621,chatcmpl-auto-0,6d08325114592a0353670e4117beb8eb8541a89d240c2b335776658c98abc2c1,788d9d1151a654ab54de9b77e086cc316b343b466d2738beb86d2620cc67a9f4,8a5b30cc0c532a1101c147bbcf33b73d4c648bd5f2eb5780f0609ecc74bcbf06,99141390336,,214636053992,
b02-p02-al,2,2,AL,1,probe,1024,256,10.518711405806243,46.353697527898476,35.83498612209223,7.115950851249047,chatcmpl-auto-1,a72fade2611451e1f33ca088f0554474ec9d9032efccf04cc5581a2c25be2d98,cfeb8ed6c17d58f471e072e7b14b589eed3889ca4100f6bbed2324677898441a,8a5b30cc0c532a1101c147bbcf33b73d4c648bd5f2eb5780f0609ecc74bcbf06,57743990784,,53402577608,
b02-p02-al,2,2,AL,2,probe,1024,256,8.784934712806717,43.33124067587778,34.54630596307106,7.3813970232472075,chatcmpl-auto-2,a72fade2611451e1f33ca088f0554474ec9d9032efccf04cc5581a2c25be2d98,cfeb8ed6c17d58f471e072e7b14b589eed3889ca4100f6bbed2324677898441a,8a5b30cc0c532a1101c147bbcf33b73d4c648bd5f2eb5780f0609ecc74bcbf06,46344056832,,50032257152,
b02-p02-al,2,2,AL,3,probe,1024,256,9.787110541015863,44.03670854284428,34.24959800182842,7.44534286172897,chatcmpl-auto-3,a72fade2611451e1f33ca088f0554474ec9d9032efccf04cc5581a2c25be2d98,cfeb8ed6c17d58f471e072e7b14b589eed3889ca4100f6bbed2324677898441a,8a5b30cc0c532a1101c147bbcf33b73d4c648bd5f2eb5780f0609ecc74bcbf06,51023233024,,49849778768,
b02-p03-as,2,3,AS,0,conditioning,1024,256,11.77239110507071,49.11016832990572,37.33777722483501,6.829544203032746,chatcmpl-auto-0,a72fade2611451e1f33ca088f0554474ec9d9032efccf04cc5581a2c25be2d98,cfeb8ed6c17d58f471e072e7b14b589eed3889ca4100f6bbed2324677898441a,3455673e28186ade58fc9eeca815a457904ba7090cfa87bec9bd3c9a8a3d75f0,67420557312,,55968334280,
b02-p03-as,2,3,AS,1,probe,1024,256,9.966526468051597,45.11682954314165,35.15030307509005,7.254560492842827,chatcmpl-auto-1,a72fade2611451e1f33ca088f0554474ec9d9032efccf04cc5581a2c25be2d98,cfeb8ed6c17d58f471e072e7b14b589eed3889ca4100f6bbed2324677898441a,3455673e28186ade58fc9eeca815a457904ba7090cfa87bec9bd3c9a8a3d75f0,53430870016,,50234089304,
b02-p03-as,2,3,AS,2,probe,1024,256,9.02140448288992,43.67692835396156,34.65552387107164,7.3581343323122805,chatcmpl-auto-2,a72fade2611451e1f33ca088f0554474ec9d9032efccf04cc5581a2c25be2d98,cfeb8ed6c17d58f471e072e7b14b589eed3889ca4100f6bbed2324677898441a,3455673e28186ade58fc9eeca815a457904ba7090cfa87bec9bd3c9a8a3d75f0,48175001600,,49874662184,
b02-p03-as,2,3,AS,3,probe,1024,256,8.497407235903665,42.26642752694897,33.76902029104531,7.551299913418559,chatcmpl-auto-3,a72fade2611451e1f33ca088f0554474ec9d9032efccf04cc5581a2c25be2d98,cfeb8ed6c17d58f471e072e7b14b589eed3889ca4100f6bbed2324677898441a,3455673e28186ade58fc9eeca815a457904ba7090cfa87bec9bd3c9a8a3d75f0,43512905728,,49791717464,
b02-p04-cl,2,4,CL,0,conditioning,8193,256,26.57609524508007,62.91119472985156,36.33509948477149,7.018007480807196,chatcmpl-auto-0,6d08325114592a0353670e4117beb8eb8541a89d240c2b335776658c98abc2c1,788d9d1151a654ab54de9b77e086cc316b343b466d2738beb86d2620cc67a9f4,7630827708a2b069b0d8339ed2cf9102571372943706e64abec56bd9cf3482ec,94250766336,,120079073192,
b02-p04-cl,2,4,CL,1,probe,1024,256,10.504149676067755,46.6335857110098,36.129436034942046,7.057956834792011,chatcmpl-auto-1,a72fade2611451e1f33ca088f0554474ec9d9032efccf04cc5581a2c25be2d98,cfeb8ed6c17d58f471e072e7b14b589eed3889ca4100f6bbed2324677898441a,7630827708a2b069b0d8339ed2cf9102571372943706e64abec56bd9cf3482ec,58257350656,,52998913304,
b02-p04-cl,2,4,CL,2,probe,1024,256,8.670223406050354,42.60757249803282,33.93734909198247,7.51384556610058,chatcmpl-auto-2,a72fade2611451e1f33ca088f0554474ec9d9032efccf04cc5581a2c25be2d98,cfeb8ed6c17d58f471e072e7b14b589eed3889ca4100f6bbed2324677898441a,7630827708a2b069b0d8339ed2cf9102571372943706e64abec56bd9cf3482ec,45817434112,,50026727504,
b02-p04-cl,2,4,CL,3,probe,1024,256,9.828257104149088,44.04957550112158,34.22131839697249,7.451495498857211,chatcmpl-auto-3,a72fade2611451e1f33ca088f0554474ec9d9032efccf04cc5581a2c25be2d98,cfeb8ed6c17d58f471e072e7b14b589eed3889ca4100f6bbed2324677898441a,7630827708a2b069b0d8339ed2cf9102571372943706e64abec56bd9cf3482ec,51330576384,,49833189824,
b03-p01-al,3,1,AL,0,conditioning,8193,256,37.44539248896763,74.53635832690634,37.09096583793871,6.874989481648163,chatcmpl-auto-0,6d08325114592a0353670e4117beb8eb8541a89d240c2b335776658c98abc2c1,788d9d1151a654ab54de9b77e086cc316b343b466d2738beb86d2620cc67a9f4,edb405725109db664698ad4ca9673b2f832cf476cbca859e4f471dd3e419cf40,99224117248,,214608405752,
b03-p01-al,3,1,AL,1,probe,1024,256,10.53072999487631,46.846879397984594,36.316149403108284,7.0216695379652405,chatcmpl-auto-1,a72fade2611451e1f33ca088f0554474ec9d9032efccf04cc5581a2c25be2d98,cfeb8ed6c17d58f471e072e7b14b589eed3889ca4100f6bbed2324677898441a,edb405725109db664698ad4ca9673b2f832cf476cbca859e4f471dd3e419cf40,57782579200,,53402577608,
b03-p01-al,3,1,AL,2,probe,1024,256,8.711877303896472,43.26414184481837,34.5522645409219,7.380124092821509,chatcmpl-auto-2,a72fade2611451e1f33ca088f0554474ec9d9032efccf04cc5581a2c25be2d98,cfeb8ed6c17d58f471e072e7b14b589eed3889ca4100f6bbed2324677898441a,edb405725109db664698ad4ca9673b2f832cf476cbca859e4f471dd3e419cf40,46365835264,,50029492328,
b03-p01-al,3,1,AL,3,probe,1024,256,9.741883419919759,44.76586771989241,35.02398429997265,7.280725054465009,chatcmpl-auto-3,a72fade2611451e1f33ca088f0554474ec9d9032efccf04cc5581a2c25be2d98,cfeb8ed6c17d58f471e072e7b14b589eed3889ca4100f6bbed2324677898441a,edb405725109db664698ad4ca9673b2f832cf476cbca859e4f471dd3e419cf40,51030024192,,49833189824,
b03-p02-cl,3,2,CL,0,conditioning,8193,256,26.493448867928237,62.933523104991764,36.44007423706353,6.997790354132627,chatcmpl-auto-0,6d08325114592a0353670e4117beb8eb8541a89d240c2b335776658c98abc2c1,788d9d1151a654ab54de9b77e086cc316b343b466d2738beb86d2620cc67a9f4,a072ee6c1e35b7fd8cec4dc6419a6964d85a7426d285c0181b4e74f303e4e07c,94193369088,,120037600832,
b03-p02-cl,3,2,CL,1,probe,1024,256,10.465617086039856,47.10307034198195,36.63745325594209,6.960090763367743,chatcmpl-auto-1,a72fade2611451e1f33ca088f0554474ec9d9032efccf04cc5581a2c25be2d98,cfeb8ed6c17d58f471e072e7b14b589eed3889ca4100f6bbed2324677898441a,a072ee6c1e35b7fd8cec4dc6419a6964d85a7426d285c0181b4e74f303e4e07c,58229829632,,52990618832,
b03-p02-cl,3,2,CL,2,probe,1024,256,8.720708694076166,43.224584742914885,34.50387604883872,7.390474033672585,chatcmpl-auto-2,a72fade2611451e1f33ca088f0554474ec9d9032efccf04cc5581a2c25be2d98,cfeb8ed6c17d58f471e072e7b14b589eed3889ca4100f6bbed2324677898441a,a072ee6c1e35b7fd8cec4dc6419a6964d85a7426d285c0181b4e74f303e4e07c,45796425728,,50040551624,
b03-p02-cl,3,2,CL,3,probe,1024,256,9.755255243973807,44.315895332954824,34.56064008898102,7.378335567381512,chatcmpl-auto-3,a72fade2611451e1f33ca088f0554474ec9d9032efccf04cc5581a2c25be2d98,cfeb8ed6c17d58f471e072e7b14b589eed3889ca4100f6bbed2324677898441a,a072ee6c1e35b7fd8cec4dc6419a6964d85a7426d285c0181b4e74f303e4e07c,51331055616,,49841484296,
b03-p03-cs,3,3,CS,0,conditioning,1024,256,11.760705559048802,48.750549423042685,36.98984386399388,6.893784167827169,chatcmpl-auto-0,a72fade2611451e1f33ca088f0554474ec9d9032efccf04cc5581a2c25be2d98,cfeb8ed6c17d58f471e072e7b14b589eed3889ca4100f6bbed2324677898441a,6442323e5156437bdf418876cda3c7c9b047828c58f544a7420a4486b32196bb,67421786112,,55962804632,
b03-p03-cs,3,3,CS,1,probe,1024,256,9.957103969994932,44.679483723128214,34.72237975313328,7.343966681229252,chatcmpl-auto-1,a72fade2611451e1f33ca088f0554474ec9d9032efccf04cc5581a2c25be2d98,cfeb8ed6c17d58f471e072e7b14b589eed3889ca4100f6bbed2324677898441a,6442323e5156437bdf418876cda3c7c9b047828c58f544a7420a4486b32196bb,53405634560,,50242383776,
b03-p03-cs,3,3,CS,2,probe,1024,256,9.015346541069448,43.52151788491756,34.50617134384811,7.389982431228562,chatcmpl-auto-2,a72fade2611451e1f33ca088f0554474ec9d9032efccf04cc5581a2c25be2d98,cfeb8ed6c17d58f471e072e7b14b589eed3889ca4100f6bbed2324677898441a,6442323e5156437bdf418876cda3c7c9b047828c58f544a7420a4486b32196bb,48126697472,,49849778768,
b03-p03-cs,3,3,CS,3,probe,1024,256,8.446228686952963,42.345558274071664,33.8993295871187,7.522272655707523,chatcmpl-auto-3,a72fade2611451e1f33ca088f0554474ec9d9032efccf04cc5581a2c25be2d98,cfeb8ed6c17d58f471e072e7b14b589eed3889ca4100f6bbed2324677898441a,6442323e5156437bdf418876cda3c7c9b047828c58f544a7420a4486b32196bb,43539668992,,49780658168,
b03-p04-as,3,4,AS,0,conditioning,1024,256,11.788010373944417,48.168567687040195,36.38055731309578,7.009238418351787,chatcmpl-auto-0,a72fade2611451e1f33ca088f0554474ec9d9032efccf04cc5581a2c25be2d98,cfeb8ed6c17d58f471e072e7b14b589eed3889ca4100f6bbed2324677898441a,6c1ad5b44853bae650e810973af0658aa1ee341f172649a5b1398e167116500f,67439210496,,55965569456,
b03-p04-as,3,4,AS,1,probe,1024,256,9.91333565604873,45.01690344698727,35.10356779093854,7.264218882783317,chatcmpl-auto-1,a72fade2611451e1f33ca088f0554474ec9d9032efccf04cc5581a2c25be2d98,cfeb8ed6c17d58f471e072e7b14b589eed3889ca4100f6bbed2324677898441a,6c1ad5b44853bae650e810973af0658aa1ee341f172649a5b1398e167116500f,53427724288,,50250678248,
b03-p04-as,3,4,AS,2,probe,1024,256,9.01316793798469,43.76106238691136,34.74789444892667,7.3385741508684905,chatcmpl-auto-2,a72fade2611451e1f33ca088f0554474ec9d9032efccf04cc5581a2c25be2d98,cfeb8ed6c17d58f471e072e7b14b589eed3889ca4100f6bbed2324677898441a,6c1ad5b44853bae650e810973af0658aa1ee341f172649a5b1398e167116500f,48142430208,,49874662184,
b03-p04-as,3,4,AS,3,probe,1024,256,8.453774123918265,42.40432430594228,33.95055018202402,7.510923935925382,chatcmpl-auto-3,a72fade2611451e1f33ca088f0554474ec9d9032efccf04cc5581a2c25be2d98,cfeb8ed6c17d58f471e072e7b14b589eed3889ca4100f6bbed2324677898441a,6c1ad5b44853bae650e810973af0658aa1ee341f172649a5b1398e167116500f,43404107776,,49800011936,
b04-p01-cl,4,1,CL,0,conditioning,8193,256,26.494009444024414,62.794599388958886,36.30058994493447,7.024679223858832,chatcmpl-auto-0,6d08325114592a0353670e4117beb8eb8541a89d240c2b335776658c98abc2c1,788d9d1151a654ab54de9b77e086cc316b343b466d2738beb86d2620cc67a9f4,b1a41f781b3b3d2a7cf0a3915843f10456c8065b88d5af4e3bfd5ad9c487a271,94215979008,,120051424952,
b04-p01-cl,4,1,CL,1,probe,1024,256,10.437942313961685,46.61919506895356,36.181252754991874,7.047848832841146,chatcmpl-auto-1,a72fade2611451e1f33ca088f0554474ec9d9032efccf04cc5581a2c25be2d98,cfeb8ed6c17d58f471e072e7b14b589eed3889ca4100f6bbed2324677898441a,b1a41f781b3b3d2a7cf0a3915843f10456c8065b88d5af4e3bfd5ad9c487a271,58220425216,,52976794712,
b04-p01-cl,4,1,CL,2,probe,1024,256,8.714126146165654,42.82048477907665,34.106358632911,7.476611700022918,chatcmpl-auto-2,a72fade2611451e1f33ca088f0554474ec9d9032efccf04cc5581a2c25be2d98,cfeb8ed6c17d58f471e072e7b14b589eed3889ca4100f6bbed2324677898441a,b1a41f781b3b3d2a7cf0a3915843f10456c8065b88d5af4e3bfd5ad9c487a271,45837643776,,50040551624,
b04-p01-cl,4,1,CL,3,probe,1024,256,9.735358686186373,44.1840112011414,34.44865251495503,7.402321466399827,chatcmpl-auto-3,a72fade2611451e1f33ca088f0554474ec9d9032efccf04cc5581a2c25be2d98,cfeb8ed6c17d58f471e072e7b14b589eed3889ca4100f6bbed2324677898441a,b1a41f781b3b3d2a7cf0a3915843f10456c8065b88d5af4e3bfd5ad9c487a271,51346767872,,49855308416,
b04-p02-as,4,2,AS,0,conditioning,1024,256,11.766822815872729,49.33205037005246,37.56522755417973,6.788192607970165,chatcmpl-auto-0,a72fade2611451e1f33ca088f0554474ec9d9032efccf04cc5581a2c25be2d98,cfeb8ed6c17d58f471e072e7b14b589eed3889ca4100f6bbed2324677898441a,c9035d488f99f9cbb4a4f73bcb2060d4e528dfebaf7a425cb9b61bfbc370edbf,67413790720,,55982158400,
b04-p02-as,4,2,AS,1,probe,1024,256,9.959201787831262,44.84309239196591,34.88389060413465,7.309964444441179,chatcmpl-auto-1,a72fade2611451e1f33ca088f0554474ec9d9032efccf04cc5581a2c25be2d98,cfeb8ed6c17d58f471e072e7b14b589eed3889ca4100f6bbed2324677898441a,c9035d488f99f9cbb4a4f73bcb2060d4e528dfebaf7a425cb9b61bfbc370edbf,53407952896,,50264502368,
b04-p02-as,4,2,AS,2,probe,1024,256,9.003920893883333,43.73151748487726,34.727596590993926,7.3428634582253345,chatcmpl-auto-2,a72fade2611451e1f33ca088f0554474ec9d9032efccf04cc5581a2c25be2d98,cfeb8ed6c17d58f471e072e7b14b589eed3889ca4100f6bbed2324677898441a,c9035d488f99f9cbb4a4f73bcb2060d4e528dfebaf7a425cb9b61bfbc370edbf,48001527808,,49847013944,
b04-p02-as,4,2,AS,3,probe,1024,256,8.46021033800207,42.334472307004035,33.874261969001964,7.527839284981271,chatcmpl-auto-3,a72fade2611451e1f33ca088f0554474ec9d9032efccf04cc5581a2c25be2d98,cfeb8ed6c17d58f471e072e7b14b589eed3889ca4100f6bbed2324677898441a,c9035d488f99f9cbb4a4f73bcb2060d4e528dfebaf7a425cb9b61bfbc370edbf,43559886848,,49780658168,
b04-p03-al,4,3,AL,0,conditioning,8193,256,37.26010126504116,74.05719779501669,36.79709652997553,6.929894585358731,chatcmpl-auto-0,6d08325114592a0353670e4117beb8eb8541a89d240c2b335776658c98abc2c1,788d9d1151a654ab54de9b77e086cc316b343b466d2738beb86d2620cc67a9f4,c9e8458f23c67f04670a5947cd59603c3fc3d384c636fb365070e294b433c6c6,99154722816,,214600111280,
b04-p03-al,4,3,AL,1,probe,1024,256,10.483615227974951,46.84470360307023,36.36108837509528,7.01299139809733,chatcmpl-auto-1,a72fade2611451e1f33ca088f0554474ec9d9032efccf04cc5581a2c25be2d98,cfeb8ed6c17d58f471e072e7b14b589eed3889ca4100f6bbed2324677898441a,c9e8458f23c67f04670a5947cd59603c3fc3d384c636fb365070e294b433c6c6,57832423424,,53419166552,
b04-p03-al,4,3,AL,2,probe,1024,256,8.710944082820788,43.28690071380697,34.575956630986184,7.375067094209472,chatcmpl-auto-2,a72fade2611451e1f33ca088f0554474ec9d9032efccf04cc5581a2c25be2d98,cfeb8ed6c17d58f471e072e7b14b589eed3889ca4100f6bbed2324677898441a,c9e8458f23c67f04670a5947cd59603c3fc3d384c636fb365070e294b433c6c6,46340210688,,50004608912,
b04-p03-al,4,3,AL,3,probe,1024,256,9.771286689909175,44.85637101298198,35.085084323072806,7.268045806927298,chatcmpl-auto-3,a72fade2611451e1f33ca088f0554474ec9d9032efccf04cc5581a2c25be2d98,cfeb8ed6c17d58f471e072e7b14b589eed3889ca4100f6bbed2324677898441a,c9e8458f23c67f04670a5947cd59603c3fc3d384c636fb365070e294b433c6c6,51074568192,,49858073240,
b04-p04-cs,4,4,CS,0,conditioning,1024,256,11.75857864599675,48.987212190171704,37.228633544174954,6.849566468708036,chatcmpl-auto-0,a72fade2611451e1f33ca088f0554474ec9d9032efccf04cc5581a2c25be2d98,cfeb8ed6c17d58f471e072e7b14b589eed3889ca4100f6bbed2324677898441a,e19d60be99c3f7ab04ce0fcef3c318c65ce75728be9bce4937150ad7e94283e6,67440295936,,55990452872,
b04-p04-cs,4,4,CS,1,probe,1024,256,9.95685745216906,45.01667967205867,35.05982221988961,7.273282745151436,chatcmpl-auto-1,a72fade2611451e1f33ca088f0554474ec9d9032efccf04cc5581a2c25be2d98,cfeb8ed6c17d58f471e072e7b14b589eed3889ca4100f6bbed2324677898441a,e19d60be99c3f7ab04ce0fcef3c318c65ce75728be9bce4937150ad7e94283e6,53397377024,,50242383776,
b04-p04-cs,4,4,CS,2,probe,1024,256,9.016415928956121,43.70026750606485,34.683851577108726,7.3521246460499645,chatcmpl-auto-2,a72fade2611451e1f33ca088f0554474ec9d9032efccf04cc5581a2c25be2d98,cfeb8ed6c17d58f471e072e7b14b589eed3889ca4100f6bbed2324677898441a,e19d60be99c3f7ab04ce0fcef3c318c65ce75728be9bce4937150ad7e94283e6,48079720448,,49849778768,
b04-p04-cs,4,4,CS,3,probe,1024,256,8.469334449153394,42.756959710037336,34.28762526088394,7.437085480834086,chatcmpl-auto-3,a72fade2611451e1f33ca088f0554474ec9d9032efccf04cc5581a2c25be2d98,cfeb8ed6c17d58f471e072e7b14b589eed3889ca4100f6bbed2324677898441a,e19d60be99c3f7ab04ce0fcef3c318c65ce75728be9bce4937150ad7e94283e6,43479785472,,49775128520,
